Country Name,Country Code,Indicator Name,Indicator Code,1960,1961,1962,1963,1964,1965,1966,1967,1968,1969,1970,1971,1972,1973,1974,1975,1976,1977,1978,1979,1980,1981,1982,1983,1984,1985,1986,1987,1988,1989,1990,1991,1992,1993,1994,1995,1996,1997,1998,1999,2000,2001,2002,2003,2004,2005,2006,2007,2008,2009,2010,2011,2012,2013,2014,2015,2016,2017,2018
Aruba,ABW,"Literacy rate, youth total (% of people ages 15-24)",SE.ADT.1524.LT.ZS,,,,,,,,,,,,,,,,,,,,,,,,,,,,,,,,,,,,,,,,,99.02641,,,,,,,,,,99.13841,,,,,,,,99.5
Afghanistan,AFG,"Literacy rate, youth total (% of people ages 15-24)",SE.ADT.1524.LT.ZS,,,,,,,,,,,,,,,,,,,,30.06635,,,,,,,,,,,,,,,,,,,,,,,,,,,,,,,,46.99005,,,,,,,65.42055
Angola,AGO,"Literacy rate, youth total (% of people ages 15-24)",SE.ADT.1524.LT.ZS,,,,,,,,,,,,,,,,,,,,,,,,,,,,,,,,,,,,,,,,,,72.19449,,,,,,,,,,,,,77.43113,,,,
Albania,ALB,"Literacy rate, youth total (% of people ages 15-24)",SE.ADT.1524.LT.ZS,,,,,,,,,,,,,,,,,,,,,,,,,,,,,,,,,,,,,,,,,,99.43515,,,,,,,98.83121,,,98.79119,99.2314,,,,,,99.33
Andorra,AND,"Literacy rate, youth total (% of people ages 15-24)",SE.ADT.1524.LT.ZS,,,,,,,,,,,,,,,,,,,,,,,,,,,,,,,,,,,,,,,,,,,,,,,,,,,,,,,,,,,
Arab World,ARB,"Literacy rate, youth total (% of people ages 15-24)",SE.ADT.1524.LT.ZS,,,,,,,,,,,,,,,,,,,63.12576,63.61633,64.24632,64.98274,65.66944,66.42366,67.58013,68.74322,70.08423,70.98001,72.08223,73.10424,74.18919,75.61772,76.52587,76.23064,77.04914,77.8912,78.92959,79.72456,80.40565,81.14053,81.71222,82.6899,83.70282,84.62929,85.3179,85.78052,84.36662,85.13769,85.81641,83.18158,83.60195,84.02709,85.11303,85.82474,86.08416,86.27419,84.96331,85.34282,85.5976
United Arab Emirates,ARE,"Literacy rate, youth total (% of people ages 15-24)",SE.ADT.1524.LT.ZS,,,,,,,,,,,,,,,,63.04761,,,,,,,,,,82.47264,,,,,,,,,,,,,,,,,,,,95.00645,,,,,,,,,,99.43,,,
Argentina,ARG,"Literacy rate, youth total (% of people ages 15-24)",SE.ADT.1524.LT.ZS,,,,,,,,,,,,,,,,,,,,,96.88254,,,,,,,,,,,98.30464,,,,,,,,,,98.91666,,,,,99.44608,,,99.58429,99.29864,99.62824,99.37587,99.55132,99.29671,99.5597,99.50271,,99.50552
Armenia,ARM,"Literacy rate, youth total (% of people ages 15-24)",SE.ADT.1524.LT.ZS,,,,,,,,,,,,,,,,,,,,,,,,,,,,,,99.90996,,,,,,,,,,,,99.80728,,,,,,,,,,99.8474,,,,,,99.84702,
American Samoa,ASM,"Literacy rate, youth total (% of people ages 15-24)",SE.ADT.1524.LT.ZS,,,,,,,,,,,,,,,,,,,,,97.65421,,,,,,,,,,,,,,,,,,,,,,,,,,,,,,,,,,,,,,
Antigua and Barbuda,ATG,"Literacy rate, youth total (% of people ages 15-24)",SE.ADT.1524.LT.ZS,,,,,,,,,,,,,,,,,,,,,,,,,,,,,,,,,,,,,,,,,,,,,,,,,,,,,,,,,,,
Australia,AUS,"Literacy rate, youth total (% of people ages 15-24)",SE.ADT.1524.LT.ZS,,,,,,,,,,,,,,,,,,,,,,,,,,,,,,,,,,,,,,,,,,,,,,,,,,,,,,,,,,,
Austria,AUT,"Literacy rate, youth total (% of people ages 15-24)",SE.ADT.1524.LT.ZS,,,,,,,,,,,,,,,,,,,,,,,,,,,,,,,,,,,,,,,,,,,,,,,,,,,,,,,,,,,
Azerbaijan,AZE,"Literacy rate, youth total (% of people ages 15-24)",SE.ADT.1524.LT.ZS,,,,,,,,,,,,,,,,,,,,,,,,,,,,,,,,,,,,,,,,99.8861,,,,,,,,100,,99.9513,99.9506,99.9441,99.93675,99.95247,99.95699,99.94278,99.94048,99.93805,
Burundi,BDI,"Literacy rate, youth total (% of people ages 15-24)",SE.ADT.1524.LT.ZS,,,,,,,,,,,,,,,,,,,,30.97659,,,,,,,,,,,53.55521,,,,,,,,,,73.33006,,,,,,,,61.73879,,,,,,79.55961,,,88.22177,
Belgium,BEL,"Literacy rate, youth total (% of people ages 15-24)",SE.ADT.1524.LT.ZS,,,,,,,,,,,,,,,,,,,,,,,,,,,,,,,,,,,,,,,,,,,,,,,,,,,,,,,,,,,
Benin,BEN,"Literacy rate, youth total (% of people ages 15-24)",SE.ADT.1524.LT.ZS,,,,,,,,,,,,,,,,,,,,29.78674,,,,,,,,,,,,,39.87661,,,,,,,,,,45.30962,,,,42.3627,,,,,,52.49247,,,,,,60.94808
Burkina Faso,BFA,"Literacy rate, youth total (% of people ages 15-24)",SE.ADT.1524.LT.ZS,,,,,,,,,,,,,,,,14.37752,,,,,,,,,,,,,,,,20.18029,,,,,19.41415,,,,,,,31.22926,,32.96662,32.7306,39.25778,,,,,,,50.0963,,,,58.29
Bangladesh,BGD,"Literacy rate, youth total (% of people ages 15-24)",SE.ADT.1524.LT.ZS,,,,,,,,,,,,,,,,,,,,,,35.65325,,,,,,,,,,44.68083,,,,,,,,,,63.62273,,,,,,61.87281,,,,77.98499,77.83291,85.52715,85.55473,87.88877,92.24265,92.95076,93.29644
Bulgaria,BGR,"Literacy rate, youth total (% of people ages 15-24)",SE.ADT.1524.LT.ZS,,,,,,,,,,,,,,,,,,,,,,,,,,,,,,,,,,,,,,,,,,98.21248,,,,,,,,,,97.86505,,,,,,,
Bahrain,BHR,"Literacy rate, youth total (% of people ages 15-24)",SE.ADT.1524.LT.ZS,,,,,,,,,,,,,,,,,,,,,,86.29309,,,,,,,,,,96.93811,,,,,,,,,,97.02471,,,,,,,,,95.45447,,,,,,99.48031,99.59822,99.6872
"Bahamas, The",BHS,"Literacy rate, youth total (% of people ages 15-24)",SE.ADT.1524.LT.ZS,,,,,,,,,,,,,,,,,,,,,,,,,,,,,,,,,,,,,,,,,,,,,,,,,,,,,,,,,,,
Bosnia and Herzegovina,BIH,"Literacy rate, youth total (% of people ages 15-24)",SE.ADT.1524.LT.ZS,,,,,,,,,,,,,,,,,,,,,,,,,,,,,,,,99.01996,,,,,,,,,99.79393,,,,,,,,,,,99.46231,,99.66243,,,,,
Belarus,BLR,"Literacy rate, youth total (% of people ages 15-24)",SE.ADT.1524.LT.ZS,,,,,,,,,,,,,,,,,,,,,,,,,,,,,,99.76628,,,,,,,,,,99.79184,,,,,,,,,,99.82321,,,,,,,,,99.85
Belize,BLZ,"Literacy rate, youth total (% of people ages 15-24)",SE.ADT.1524.LT.ZS,,,,,,,,,,,,,,,,,,,,,,,,,,,,,,,,77.64147,,,,,,,,,,,,,,,,,,,,,,,,,,,
Bermuda,BMU,"Literacy rate, youth total (% of people ages 15-24)",SE.ADT.1524.LT.ZS,,,,,,,,,,,,,,,,,,,,,,,,,,,,,,,,,,,,,,,,,,,,,,,,,,,,,,,,,,,
Bolivia,BOL,"Literacy rate, youth total (% of people ages 15-24)",SE.ADT.1524.LT.ZS,,,,,,,,,,,,,,,,,83.55198,,,,,,,,,,,,,,,,93.89611,,,,,,,,,97.32378,,,,,,99.44136,99.1225,99.38397,,99.00752,98.99588,,,99.39917,,,
Brazil,BRA,"Literacy rate, youth total (% of people ages 15-24)",SE.ADT.1524.LT.ZS,,,,,,,,,,,,,,,,,,,,,83.91427,,,,,,,,,,,,,,,,,,,,94.18411,,,,96.84386,,97.5823,97.80063,97.84363,98.06554,97.51412,98.48692,98.61966,98.73668,98.84569,98.96375,99.11096,99.15541,99.20417
Barbados,BRB,"Literacy rate, youth total (% of people ages 15-24)",SE.ADT.1524.LT.ZS,,,,,,,,,,,99.75519,,,,,,,,,,,,,,99.9,,,,,,,,,,99.9,,,,,,,,,,99.9,,,,,,,,,,99.9,,,,
Brunei Darussalam,BRN,"Literacy rate, youth total (% of people ages 15-24)",SE.ADT.1524.LT.ZS,,,,,,,,,,,,,,,,,,,,,,93.68101,,,,,,,,,,98.09567,,,,,,,,,,98.89379,,,,,,,,,,99.36677,,,,,,,99.70894
Bhutan,BTN,"Literacy rate, youth total (% of people ages 15-24)",SE.ADT.1524.LT.ZS,,,,,,,,,,,,,,,,,,,,,,,,,,,,,,,,,,,,,,,,,,,,,,74.40521,,,,,,,87.31836,,,,,93.09063,
Botswana,BWA,"Literacy rate, youth total (% of people ages 15-24)",SE.ADT.1524.LT.ZS,,,,,,,,,,,,,,,,,,,,,,,,,,,,,,,,89.2583,,,,,,,,,,,,93.95744,,,,,,,,,,97.45629,,,,,
Central African Republic,CAF,"Literacy rate, youth total (% of people ages 15-24)",SE.ADT.1524.LT.ZS,,,,,,,,,,,,,,,,37.03696,,,,,,,,,,,,,48.20233,,,,,,,,,,,,60.80705,,,,,,,,,,36.35627,,,,,,,,38.26865
Canada,CAN,"Literacy rate, youth total (% of people ages 15-24)",SE.ADT.1524.LT.ZS,,,,,,,,,,,,,,,,,,,,,,,,,,,,,,,,,,,,,,,,,,,,,,,,,,,,,,,,,,,
Central Europe and the Baltics,CEB,"Literacy rate, youth total (% of people ages 15-24)",SE.ADT.1524.LT.ZS,,,,,,,,,,,,,,,,,,,,,,99.4829,99.4802,99.47637,99.48113,99.47633,99.4716,99.46859,99.46012,99.45541,99.45121,99.44652,99.44213,99.43702,99.43261,99.42855,99.42604,99.42009,99.41803,99.20057,99.1806,99.16722,99.15475,99.13262,99.11068,99.09328,99.07729,99.06562,99.07432,99.36493,99.38426,99.40358,99.41957,99.44001,99.45876,99.47612,99.49511,,
Switzerland,CHE,"Literacy rate, youth total (% of people ages 15-24)",SE.ADT.1524.LT.ZS,,,,,,,,,,,,,,,,,,,,,,,,,,,,,,,,,,,,,,,,,,,,,,,,,,,,,,,,,,,
Channel Islands,CHI,"Literacy rate, youth total (% of people ages 15-24)",SE.ADT.1524.LT.ZS,,,,,,,,,,,,,,,,,,,,,,,,,,,,,,,,,,,,,,,,,,,,,,,,,,,,,,,,,,,
Chile,CHL,"Literacy rate, youth total (% of people ages 15-24)",SE.ADT.1524.LT.ZS,,,,,,,,,,,,,,,,,,,,,,,96.65398,,,,,,,,,,98.42797,,,,,,,,,,98.99098,,,,,,99.15358,98.87238,,99.40819,,99.04828,,99.35394,,99.00866,
China,CHN,"Literacy rate, youth total (% of people ages 15-24)",SE.ADT.1524.LT.ZS,,,,,,,,,,,,,,,,,,,,,,,88.77334,,,,,,,,94.28147,,,,,,,,,,98.85873,,,,,,,,,,99.64229,,,,,,,,99.7836
Cote d'Ivoire,CIV,"Literacy rate, youth total (% of people ages 15-24)",SE.ADT.1524.LT.ZS,,,,,,,,,,,,,,,,,,,,,,,,,,,,,48.50848,,,,,,,,,,47.05871,,60.72365,,,,,,,,,,,,48.30996,,53.02069,,,,58.42015
Cameroon,CMR,"Literacy rate, youth total (% of people ages 15-24)",SE.ADT.1524.LT.ZS,,,,,,,,,,,,,,,,,68.81703,,,,,,,,,,,,,,,,,,,,,,,,83.09829,,,,,,,83.13557,,,80.57444,,,,,,,,85.08
"Congo, Dem. Rep.",COD,"Literacy rate, youth total (% of people ages 15-24)",SE.ADT.1524.LT.ZS,,,,,,,,,,,,,,,,,,,,,,,,,,,,,,,,,,,,,,,,,,70.41626,,,,,,65.77653,,,,,83.59755,,,,84.98951,,
"Congo, Rep.",COG,"Literacy rate, youth total (% of people ages 15-24)",SE.ADT.1524.LT.ZS,,,,,,,,,,,,,,,,,,,,,,,,,,,,,,,,,,,,,,,,,,,,,,,,,,,,80.91395,,,,,,,82.05479
Colombia,COL,"Literacy rate, youth total (% of people ages 15-24)",SE.ADT.1524.LT.ZS,,,,,,,,,,,,,,,,,,,,,,,,,,,,,,,,,,95.48465,,,96.995,,,,,,,,97.99131,97.9584,97.88317,97.96863,97.98927,97.93743,98.09842,98.23938,,,98.54095,98.53473,98.66831,,98.85165
Comoros,COM,"Literacy rate, youth total (% of people ages 15-24)",SE.ADT.1524.LT.ZS,,,,,,,,,,,,,,,,,,,,,61.71302,,,,,,,,,,,,,,,,,,,,80.18576,,,,,,,,,,,,71.58127,,,,,,78.27039
Cabo Verde,CPV,"Literacy rate, youth total (% of people ages 15-24)",SE.ADT.1524.LT.ZS,,,,,,,,,,,,,,,,,,,,,,,,,,,,,,,88.1679,,,,,,,,,,95.87,,,,,,,,,,,,98.12897,,,98.11131,,,
Costa Rica,CRI,"Literacy rate, youth total (% of people ages 15-24)",SE.ADT.1524.LT.ZS,,,,,,,,,,,,,,,,,,,,,,,,,97.14819,,,,,,,,,,,,,,,,97.6147,,,,,,,,,,,99.1337,,,,,,,99.43
Caribbean small states,CSS,"Literacy rate, youth total (% of people ages 15-24)",SE.ADT.1524.LT.ZS,,,,,,,,,,,,,,,,,,,,,,,,,,,,,,,,,,92.41383,92.45566,92.69023,92.92604,93.17413,93.43594,93.717,93.9525,94.19583,94.41388,94.60074,94.75638,94.92502,94.96288,95.40795,95.50792,95.59849,95.59716,95.69673,95.71144,96.14059,96.25997,96.21611,,,
Cuba,CUB,"Literacy rate, youth total (% of people ages 15-24)",SE.ADT.1524.LT.ZS,,,,,,,,,,,,,,,,,,,,,,99.56857,,,,,,,,,,,,,,,,,,,,,99.9556,,,,,,,,,,99.87465,,,,,,
Curacao,CUW,"Literacy rate, youth total (% of people ages 15-24)",SE.ADT.1524.LT.ZS,,,,,,,,,,,,,,,,,,,,,,,,,,,,,,,,,,,,,,,,,,,,,,,,,,,,,,,,,,,
Cayman Islands,CYM,"Literacy rate, youth total (% of people ages 15-24)",SE.ADT.1524.LT.ZS,,,,,,,,,,,,,,,,,,,,,,,,,,,,,,,,,,,,,,,,,,,,,,,,98.90682,,,,,,,,,,,
Cyprus,CYP,"Literacy rate, youth total (% of people ages 15-24)",SE.ADT.1524.LT.ZS,,,,,,,,,,,,,,,,,,,,,,,,,,,,,,,,,99.62139,,,,,,,,,99.77493,,,,,,,,,,99.82099,,,,,,,
Czech Republic,CZE,"Literacy rate, youth total (% of people ages 15-24)",SE.ADT.1524.LT.ZS,,,,,,,,,,,,,,,,,,,,,,,,,,,,,,,,,,,,,,,,,,,,,,,,,,,,,,,,,,,
Germany,DEU,"Literacy rate, youth total (% of people ages 15-24)",SE.ADT.1524.LT.ZS,,,,,,,,,,,,,,,,,,,,,,,,,,,,,,,,,,,,,,,,,,,,,,,,,,,,,,,,,,,
Djibouti,DJI,"Literacy rate, youth total (% of people ages 15-24)",SE.ADT.1524.LT.ZS,,,,,,,,,,,,,,,,,,,,,,,,,,,,,,,,,,,,,,,,,,,,,,,,,,,,,,,,,,,
Dominica,DMA,"Literacy rate, youth total (% of people ages 15-24)",SE.ADT.1524.LT.ZS,,,,,,,,,,,,,,,,,,,,,,,,,,,,,,,,,,,,,,,,,,,,,,,,,,,,,,,,,,,
Denmark,DNK,"Literacy rate, youth total (% of people ages 15-24)",SE.ADT.1524.LT.ZS,,,,,,,,,,,,,,,,,,,,,,,,,,,,,,,,,,,,,,,,,,,,,,,,,,,,,,,,,,,
Dominican Republic,DOM,"Literacy rate, youth total (% of people ages 15-24)",SE.ADT.1524.LT.ZS,,,,,,,,,,,,,,,,,,,,,,82.6242,,,,,,,,,,,,,,,,,,,,,94.21757,,,,,95.78686,,,96.80575,97.04205,97.02389,97.47243,97.68853,97.61406,98.83941,,
Algeria,DZA,"Literacy rate, youth total (% of people ages 15-24)",SE.ADT.1524.LT.ZS,,,,,,,,,,,,,,,,,,,,,,,,,,,,74.32727,,,,,,,,,,,,,,,90.13721,,,,91.77964,,93.76733,,,,,,,,,,97.42652
East Asia & Pacific (excluding high income),EAP,"Literacy rate, youth total (% of people ages 15-24)",SE.ADT.1524.LT.ZS,,,,,,,,,,,,,,,,,83.42607,83.56224,84.78386,85.99041,87.13416,88.14474,89.13545,89.69874,90.38405,90.99746,91.51358,92.73107,94.02975,94.1815,94.31905,94.31002,94.28685,94.23619,94.28595,94.33568,94.52654,96.72584,96.79044,96.8613,97.86554,97.0027,97.10868,97.26983,98.23329,98.31026,98.25284,98.51706,98.8921,98.85714,98.84143,98.42472,98.4567,98.48129,98.67295,98.72303,98.74075,98.77351,98.79981
Early-demographic dividend,EAR,"Literacy rate, youth total (% of people ages 15-24)",SE.ADT.1524.LT.ZS,,,,,,,,,,,,,,,,61.02592,61.23637,61.92646,62.57606,63.19577,63.68767,64.09404,64.70151,65.25223,65.90769,66.47641,67.07503,68.27344,68.87366,69.82459,70.87249,71.67904,72.80335,73.63604,74.51092,75.42561,76.19438,76.84317,78.88536,79.64755,80.31706,80.92677,81.87831,82.69289,83.54207,84.00115,84.49825,85.09265,86.69735,87.31561,87.49763,87.72479,88.37109,89.2016,89.86197,90.50441,91.00432,91.32992,91.68122
East Asia & Pacific,EAS,"Literacy rate, youth total (% of people ages 15-24)",SE.ADT.1524.LT.ZS,,,,,,,,,,,,,,,,,84.25937,84.39747,85.51498,86.61252,87.64612,88.56376,89.46253,89.97399,90.6,91.1632,91.6336,92.78718,93.99617,94.13824,94.26864,94.2488,94.21951,94.16355,94.215,94.26664,94.45958,96.48487,96.54883,96.64833,97.67374,96.79795,96.90927,97.08513,98.07663,98.15937,98.1199,98.37812,98.74392,98.71074,98.66465,98.25042,98.28715,98.31566,98.54467,98.59638,98.6174,98.65223,98.68101
Europe & Central Asia (excluding high income),ECA,"Literacy rate, youth total (% of people ages 15-24)",SE.ADT.1524.LT.ZS,,,,,,,,,,,,,,,,,,,,,,,,97.71542,98.27655,98.29577,98.29503,98.31855,98.34936,98.34645,98.3884,98.40119,98.43904,98.47963,98.5192,98.55757,98.60081,98.6349,98.69922,98.67627,98.80856,98.84241,98.86931,98.87043,98.834,98.95832,98.95966,98.98985,99.03539,99.34167,99.42214,99.51452,99.56386,99.61052,99.6372,99.66466,99.72012,99.72408,99.74303
Europe & Central Asia,ECS,"Literacy rate, youth total (% of people ages 15-24)",SE.ADT.1524.LT.ZS,,,,,,,,,,,,,,,,,,,,,,,,,,,,,,,98.96559,98.9795,98.86194,98.88487,98.90718,98.92885,98.9528,98.97578,99.00172,98.99447,99.06967,99.09245,99.11744,99.12414,99.11755,99.20149,99.1758,99.2295,99.2248,99.4197,99.47449,99.50534,99.53741,99.56906,99.59408,99.60965,99.64151,99.65887,99.67093
Ecuador,ECU,"Literacy rate, youth total (% of people ages 15-24)",SE.ADT.1524.LT.ZS,,,,,,,,,,,,,,,,,,,,,,,93.40146,,,,,,,,96.19471,,,,,,,,,,,96.43721,,,,,,98.39142,98.45375,98.80065,98.65271,98.69484,98.83163,98.60464,99.09777,99.1262,99.05711,99.25505,
"Egypt, Arab Rep.",EGY,"Literacy rate, youth total (% of people ages 15-24)",SE.ADT.1524.LT.ZS,,,,,,,,,,,,,,,,,51.03116,,,,,,,,,,63.32762,,,,,,,,,,73.21869,,,,,,,,,84.85342,84.87827,,,,87.50964,,89.28192,92.02342,,,,88.19256,
Euro area,EMU,"Literacy rate, youth total (% of people ages 15-24)",SE.ADT.1524.LT.ZS,,,,,,,,,,,,,,,,,,,,,,,,,,,,,,,,,,,,,,,,,,,,,,,,,,,,,,,,,,,
Eritrea,ERI,"Literacy rate, youth total (% of people ages 15-24)",SE.ADT.1524.LT.ZS,,,,,,,,,,,,,,,,,,,,,,,,,,,,,,,,,,,,,,,,,,,77.94529,,,,,,86.97491,,,,,,,,,,93.27239
Spain,ESP,"Literacy rate, youth total (% of people ages 15-24)",SE.ADT.1524.LT.ZS,,,,,,,,,,,,,,,,,,,,,,98.64195,,,,,,,,,,99.55456,,,,,,,,,,,,,99.5582,99.53779,,99.56934,99.56431,99.599,99.59463,99.6994,99.67278,99.66926,99.72276,99.65568,99.62216,,99.71555
Estonia,EST,"Literacy rate, youth total (% of people ages 15-24)",SE.ADT.1524.LT.ZS,,,,,,,,,,,,,,,,,,,,,,,,,,,,,,99.86789,,,,,,,,,,,99.7705,,,,,,,,,,,99.9489,,,,,,,
Ethiopia,ETH,"Literacy rate, youth total (% of people ages 15-24)",SE.ADT.1524.LT.ZS,,,,,,,,,,,,,,,,,,,,,,,,,,,,,,,,,,,33.5854,,,,,,,,,,49.9,44.60597,,54.98298,,,,,,,,,,72.75482,
European Union,EUU,"Literacy rate, youth total (% of people ages 15-24)",SE.ADT.1524.LT.ZS,,,,,,,,,,,,,,,,,,,,,,,,,,,,,,,,,,,,,,,,,,,,,,,,,,,,,,,,,,,
Fragile and conflict affected situations,FCS,"Literacy rate, youth total (% of people ages 15-24)",SE.ADT.1524.LT.ZS,,,,,,,,,,,,,,,,,,,,,,,,,,,68.46809,69.27581,69.69613,70.17692,70.60983,70.2702,69.83402,69.98247,70.83522,70.81281,71.11997,71.56781,72.16689,72.39275,72.88013,73.04148,73.81262,73.56477,73.71341,73.5919,71.98974,72.005,71.74199,69.49227,69.87558,71.19566,71.32621,71.68883,72.00898,72.57644,72.81978,73.51974,73.92391
Finland,FIN,"Literacy rate, youth total (% of people ages 15-24)",SE.ADT.1524.LT.ZS,,,,,,,,,,,,,,,,,,,,,,,,,,,,,,,,,,,,,,,,,,,,,,,,,,,,,,,,,,,
Fiji,FJI,"Literacy rate, youth total (% of people ages 15-24)",SE.ADT.1524.LT.ZS,,,,,,,,,,,,,,,,,,,,,,,,,,,,,,,,,,,,,99.25715,,,,,,,,,,,,,,,,,,,,,99.74434,
France,FRA,"Literacy rate, youth total (% of people ages 15-24)",SE.ADT.1524.LT.ZS,,,,,,,,,,,,,,,,,,,,,,,,,,,,,,,,,,,,,,,,,,,,,,,,,,,,,,,,,,,
Faroe Islands,FRO,"Literacy rate, youth total (% of people ages 15-24)",SE.ADT.1524.LT.ZS,,,,,,,,,,,,,,,,,,,,,,,,,,,,,,,,,,,,,,,,,,,,,,,,,,,,,,,,,,,
"Micronesia, Fed. Sts.",FSM,"Literacy rate, youth total (% of people ages 15-24)",SE.ADT.1524.LT.ZS,,,,,,,,,,,,,,,,,,,,,,,,,,,,,,,,,,,,,,,,,,,,,,,,,,,,,,,,,,,
Gabon,GAB,"Literacy rate, youth total (% of people ages 15-24)",SE.ADT.1524.LT.ZS,,,,,,,,,,,,,,,,,,,,,,,,,,,,,,,,,,93.20872,,,,,,,,,,,,,,,,,,,88.50414,,,,,,89.78366
United Kingdom,GBR,"Literacy rate, youth total (% of people ages 15-24)",SE.ADT.1524.LT.ZS,,,,,,,,,,,,,,,,,,,,,,,,,,,,,,,,,,,,,,,,,,,,,,,,,,,,,,,,,,,
Georgia,GEO,"Literacy rate, youth total (% of people ages 15-24)",SE.ADT.1524.LT.ZS,,,,,,,,,,,,,,,,,,,,,,,,,,,,,,,,,,,,,,,,,,,99.82542,,,,,,,,,,,,99.70261,,,99.64081,
Ghana,GHA,"Literacy rate, youth total (% of people ages 15-24)",SE.ADT.1524.LT.ZS,,,,,,,,,,,,,,,,,,,,,,,,,,,,,,,,,,,,,,,,,70.66306,,,,,,,,,,85.71615,,,,,,,,92.49097
Gibraltar,GIB,"Literacy rate, youth total (% of people ages 15-24)",SE.ADT.1524.LT.ZS,,,,,,,,,,,,,,,,,,,,,,,,,,,,,,,,,,,,,,,,,,,,,,,,,,,,,,,,,,,
Guinea,GIN,"Literacy rate, youth total (% of people ages 15-24)",SE.ADT.1524.LT.ZS,,,,,,,,,,,,,,,,,,,,,,,,,,,,,,,,,,,,,27.71639,,,,,,,47.09126,,,,,,,31.40642,,,,46.29505,,,,
"Gambia, The",GMB,"Literacy rate, youth total (% of people ages 15-24)",SE.ADT.1524.LT.ZS,,,,,,,,,,,,,,,,,,,,,,,,,,,,,,,,,,,,,,,,,52.55502,,,,,,,,,,,,,60.7779,,67.16138,,,
Guinea-Bissau,GNB,"Literacy rate, youth total (% of people ages 15-24)",SE.ADT.1524.LT.ZS,,,,,,,,,,,,,,,,,,,,36.40142,,,,,,,,,,,,,,,,,,,,,59.49285,,,,,,,,,,,,,,60.40235,,,,
Equatorial Guinea,GNQ,"Literacy rate, youth total (% of people ages 15-24)",SE.ADT.1524.LT.ZS,,,,,,,,,,,,,,,,,,,,,,,,,,,,,,,,,,,,,,,,,97.13137,,,,,,,,,,97.96704,,,,,,,,
Greece,GRC,"Literacy rate, youth total (% of people ages 15-24)",SE.ADT.1524.LT.ZS,,,,,,,,,,,,,,,,,,,,,,98.96705,,,,,,,,,,98.98399,,,,,,,,,,98.94053,,,,99.52918,,99.56192,,99.49109,,98.81486,,,,,,,99.16
Grenada,GRD,"Literacy rate, youth total (% of people ages 15-24)",SE.ADT.1524.LT.ZS,,,,,,,,,,,98.96236,,,,,,,,,,,,,,99.2,,,,,,,,,,99.2,,,,,,,,,,99.2,,,,,,,,,,99.2,,,,
Greenland,GRL,"Literacy rate, youth total (% of people ages 15-24)",SE.ADT.1524.LT.ZS,,,,,,,,,,,,,,,,,,,,,,,,,,,,,,,,,,,,,,,,,,,,,,,,,,,,,,,,,,,
Guatemala,GTM,"Literacy rate, youth total (% of people ages 15-24)",SE.ADT.1524.LT.ZS,,,,,,,,,,,,,,,,,,,,,,,,,,,,,,,,,,,75.98821,,,,,,,,82.22026,,,,,,,,,,93.65347,91.85192,94.35425,,,,
Guam,GUM,"Literacy rate, youth total (% of people ages 15-24)",SE.ADT.1524.LT.ZS,,,,,,,,,,,,,,,,,,,,,95.61106,,,,,,,,,,99.88,,,,,,,,,,,,,,,,,,,,,,,,,,,,
Guyana,GUY,"Literacy rate, youth total (% of people ages 15-24)",SE.ADT.1524.LT.ZS,,,,,,,,,,,,,,,,,,,,,,,,,,,,,,,,,,,,,,,,,,,,,,,,,,93.09894,,,,,96.68967,,,,
High income,HIC,"Literacy rate, youth total (% of people ages 15-24)",SE.ADT.1524.LT.ZS,,,,,,,,,,,,,,,,,,,,,,,,,,,,,,,,,,,,,,,,,,,,,,,,,,,,,,,,,,,
"Hong Kong SAR, China",HKG,"Literacy rate, youth total (% of people ages 15-24)",SE.ADT.1524.LT.ZS,,,,,,,,,,,,,,,,,,,,,,,,,,,,,,,,,,,,,,,,,,,,,,,,,,,,,,,,,,,
Honduras,HND,"Literacy rate, youth total (% of people ages 15-24)",SE.ADT.1524.LT.ZS,,,,,,,,,,,,,,,,,,,,,,,,,,,,,,,,,,,,,,,,,,88.94272,,,,,,93.92431,,,95.15069,95.925,94.98095,95.06649,95.67707,96.00751,96.12654,,96.51584
Heavily indebted poor countries (HIPC),HPC,"Literacy rate, youth total (% of people ages 15-24)",SE.ADT.1524.LT.ZS,,,,,,,,,,,,,,,,,,,,,,,,,,,57.86059,58.45166,58.55951,59.08217,59.41043,59.05975,58.67279,58.69978,58.72682,58.5036,58.7451,59.16815,58.97241,59.79341,60.35938,60.87028,62.57451,63.39078,65.2088,64.41794,63.51694,64.99987,64.69439,65.63202,66.35539,68.81781,70.82815,71.15378,72.12926,72.87922,73.49469,74.51069,74.99119
Croatia,HRV,"Literacy rate, youth total (% of people ages 15-24)",SE.ADT.1524.LT.ZS,,,,,,,,,,,,,,,,,,,,,,,,,,,,,,,,99.63589,,,,,,,,,,99.64864,,,,,,,,,,99.72363,,,,,,,
Haiti,HTI,"Literacy rate, youth total (% of people ages 15-24)",SE.ADT.1524.LT.ZS,,,,,,,,,,,,,,,,,,,,,,,51.15302,,,,,,,,,,,,,,,,,,,,,81.61633,,,72.34672,,,,,,,,,,82.99425,,
Hungary,HUN,"Literacy rate, youth total (% of people ages 15-24)",SE.ADT.1524.LT.ZS,,,,,,,,,,,,,,,,,,,,,99.37115,,,,,,,,,,,,,,,,,,,,,,,,,,,,,,,,,,98.8,,,,
IBRD only,IBD,"Literacy rate, youth total (% of people ages 15-24)",SE.ADT.1524.LT.ZS,,,,,,,,,,,,,,,,76.47738,76.5463,76.83007,77.6161,78.386,79.10555,79.76248,80.51982,81.06235,81.7242,82.29524,82.82225,83.68132,84.4001,84.84044,85.30954,85.62894,85.97362,86.17485,86.45223,86.76207,87.13342,88.32911,89.3023,89.62299,90.38933,90.35827,90.80143,91.36262,92.13948,92.50612,92.68779,93.34344,93.8679,93.95722,93.95593,94.22234,94.56782,94.84178,95.1523,95.40344,95.4991,95.67784,95.88198
IDA & IBRD total,IBT,"Literacy rate, youth total (% of people ages 15-24)",SE.ADT.1524.LT.ZS,,,,,,,,,,,,,,,,72.8937,72.9461,73.19511,73.85159,74.49481,75.08662,75.63267,76.28966,76.77118,77.35408,77.8642,78.32797,79.09074,79.83384,80.26423,80.69194,80.89133,81.26447,81.50905,81.77806,82.04447,82.37828,83.34874,84.22051,84.60504,84.96549,85.02762,85.62672,86.2227,87.08813,87.24464,87.34787,87.62933,88.32102,88.45145,88.46793,88.73325,89.19401,89.50078,89.80181,90.08902,90.31701,90.51572,90.71134
IDA total,IDA,"Literacy rate, youth total (% of people ages 15-24)",SE.ADT.1524.LT.ZS,,,,,,,,,,,,,,,,,,,,,,56.32586,56.61686,56.9045,57.22929,57.60706,57.92953,58.44421,59.53834,60.23761,60.87573,61.00961,61.98939,62.92121,63.67553,64.28611,64.91444,65.53543,66.50748,67.49691,66.78858,67.37303,68.61436,69.41589,70.69124,70.36109,70.43211,69.82649,71.38759,72.03852,72.54308,73.26094,74.53386,75.42821,76.18029,76.9878,77.90301,78.46917,78.93215
IDA blend,IDB,"Literacy rate, youth total (% of people ages 15-24)",SE.ADT.1524.LT.ZS,,,,,,,,,,,,,,,,,,,,,,61.89126,61.95358,62.15215,62.3615,62.61017,62.90006,63.52954,64.18417,64.84021,65.60804,66.14782,68.50927,70.53217,71.45124,72.32311,73.20071,73.92811,74.44905,75.21409,71.56652,72.20971,72.61306,73.23585,73.90139,73.23487,74.09178,73.81888,74.37094,74.68365,75.02067,75.1183,76.22079,76.10434,76.79236,77.48032,78.13172,78.2361,78.91063
Indonesia,IDN,"Literacy rate, youth total (% of people ages 15-24)",SE.ADT.1524.LT.ZS,,,,,,,,,,,,,,,,,,,,,85.43709,,,,,,,,,,96.20756,,,,,,,,,,,,,,98.70546,,96.65104,,99.46011,99.47374,,98.778,,,99.68022,99.67007,99.66881,,99.70708
IDA only,IDX,"Literacy rate, youth total (% of people ages 15-24)",SE.ADT.1524.LT.ZS,,,,,,,,,,,,,,,,,,,,,,53.55202,53.95434,54.28714,54.67184,55.11669,55.45441,55.9121,57.22555,57.94636,58.51917,58.44863,58.73398,59.11175,59.77338,60.24275,60.72997,61.28347,62.47309,63.56741,64.35106,64.90168,66.56805,67.45782,69.04296,68.88328,68.54597,67.76446,69.84415,70.66922,71.26175,72.30452,73.66982,75.08395,75.87047,76.73984,77.78845,78.58541,78.94284
Isle of Man,IMN,"Literacy rate, youth total (% of people ages 15-24)",SE.ADT.1524.LT.ZS,,,,,,,,,,,,,,,,,,,,,,,,,,,,,,,,,,,,,,,,,,,,,,,,,,,,,,,,,,,
India,IND,"Literacy rate, youth total (% of people ages 15-24)",SE.ADT.1524.LT.ZS,,,,,,,,,,,,,,,,,,,,,,53.78457,,,,,,,,,,61.90028,,,,,,,,,,76.4257,,,,,81.13086,,,,,86.14488,,,,,,,91.66404
Not classified,INX,"Literacy rate, youth total (% of people ages 15-24)",SE.ADT.1524.LT.ZS,,,,,,,,,,,,,,,,,,,,,,,,,,,,,,,,,,,,,,,,,,,,,,,,,,,,,,,,,,,
Ireland,IRL,"Literacy rate, youth total (% of people ages 15-24)",SE.ADT.1524.LT.ZS,,,,,,,,,,,,,,,,,,,,,,,,,,,,,,,,,,,,,,,,,,,,,,,,,,,,,,,,,,,
"Iran, Islamic Rep.",IRN,"Literacy rate, youth total (% of people ages 15-24)",SE.ADT.1524.LT.ZS,,,,,,,,,,,,,,,,,56.45386,,,,,,,,,,75.2049,,,,,86.97426,,,,,93.0283,,,,,,,,,97.43153,96.64371,,97.87143,,,,98.0144,97.7773,97.93787,,98.10135,,
Iraq,IRQ,"Literacy rate, youth total (% of people ages 15-24)",SE.ADT.1524.LT.ZS,,,,,,,,,,,,,,,,,,,,,,,,,,,,,,,,,,,,,,,,,84.7968,,,,,,,,,,,,83.5,80.8,88.8,,90.9,93.5,
Iceland,ISL,"Literacy rate, youth total (% of people ages 15-24)",SE.ADT.1524.LT.ZS,,,,,,,,,,,,,,,,,,,,,,,,,,,,,,,,,,,,,,,,,,,,,,,,,,,,,,,,,,,
Israel,ISR,"Literacy rate, youth total (% of people ages 15-24)",SE.ADT.1524.LT.ZS,,,,,,,,,,,,,,,,,,,,,,,,98.56286,,,,,,,,,,,,,,,,,,,,,,,,,,,,,,,,,,,
Italy,ITA,"Literacy rate, youth total (% of people ages 15-24)",SE.ADT.1524.LT.ZS,,,,,,,,,,,,,,,,,,,,,,99.64338,,,,,,,,,,,,,,,,,,,,99.81213,,,,,,,,,,99.85964,,,,,,,99.93
Jamaica,JAM,"Literacy rate, youth total (% of people ages 15-24)",SE.ADT.1524.LT.ZS,,,,,,,,,,,,,,,,,,,,,,,,,,,,,,,,,,,,,,,,91.60341,,,,,,,,,,,,,,,96.3,,,,
Jordan,JOR,"Literacy rate, youth total (% of people ages 15-24)",SE.ADT.1524.LT.ZS,,,,,,,,,,,,,,,,,,,,90.50849,,,,,,,,,,,,,,,,,,,,,,,,99.13259,,98.97539,,98.94934,,,98.76235,99.14868,99.10572,,,,,,99.34374
Japan,JPN,"Literacy rate, youth total (% of people ages 15-24)",SE.ADT.1524.LT.ZS,,,,,,,,,,,,,,,,,,,,,,,,,,,,,,,,,,,,,,,,,,,,,,,,,,,,,,,,,,,
Kazakhstan,KAZ,"Literacy rate, youth total (% of people ages 15-24)",SE.ADT.1524.LT.ZS,,,,,,,,,,,,,,,,,,,,,,,,,,,,,,99.72572,,,,,,,,,,99.84513,,,,,,,,,,99.83451,99.89736,,,,,,,,99.89736
Kenya,KEN,"Literacy rate, youth total (% of people ages 15-24)",SE.ADT.1524.LT.ZS,,,,,,,,,,,,,,,,,,,,,,,,,,,,,,,,,,,,,,,,,92.52818,,,,,,,82.39047,,,,,,,86.52563,,,,87.83
Kyrgyz Republic,KGZ,"Literacy rate, youth total (% of people ages 15-24)",SE.ADT.1524.LT.ZS,,,,,,,,,,,,,,,,,,,,,,,,,,,,,,,,,,,,,,,,99.69563,,,,,,,,,,99.75185,,,,,,,,,99.75
Cambodia,KHM,"Literacy rate, youth total (% of people ages 15-24)",SE.ADT.1524.LT.ZS,,,,,,,,,,,,,,,,,,,,,,,,,,,,,,,,,,,,,,,76.31821,,,,,,83.38286,,,,87.47138,87.13246,,,,,90.14187,92.21236,,,
Kiribati,KIR,"Literacy rate, youth total (% of people ages 15-24)",SE.ADT.1524.LT.ZS,,,,,,,,,,,,,,,,,,,,,,,,,,,,,,,,,,,,,,,,,,,,,,,,,,,,,,,,,,,
St. Kitts and Nevis,KNA,"Literacy rate, youth total (% of people ages 15-24)",SE.ADT.1524.LT.ZS,,,,,,,,,,,,,,,,,,,,,,,,,,,,,,,,,,,,,,,,,,,,,,,,,,,,,,,,,,,
"Korea, Rep.",KOR,"Literacy rate, youth total (% of people ages 15-24)",SE.ADT.1524.LT.ZS,,,,,,,,,,,,,,,,,,,,,,,,,,,,,,,,,,,,,,,,,,,,,,,,,,,,,,,,,,,
Kuwait,KWT,"Literacy rate, youth total (% of people ages 15-24)",SE.ADT.1524.LT.ZS,,,,,,,,,,,,,,,,72.22216,,,,,78.97544,,,,,87.45606,,,,,,,,,,92.04306,,,,,,,,,,99.73336,98.51217,98.44723,98.64335,,98.89911,,98.78226,99.15375,,99.25909,,99.24358,99.08013
Latin America & Caribbean (excluding high income),LAC,"Literacy rate, youth total (% of people ages 15-24)",SE.ADT.1524.LT.ZS,,,,,,,,,,,,,,,86.39432,86.42516,86.73667,87.06546,87.40501,87.62428,87.72285,87.94672,88.15322,88.35682,88.56004,88.76916,88.95816,89.16676,89.45862,89.7805,90.07464,90.75321,91.44407,92.12034,92.78748,93.45884,93.80762,93.91847,94.22756,94.4352,94.66078,94.78705,95.20881,96.04958,96.18829,96.38647,96.47971,96.78648,96.93727,97.26064,97.12869,97.58829,97.77512,97.74766,98.11979,98.20851,98.34314,98.39503,98.47703
Lao PDR,LAO,"Literacy rate, youth total (% of people ages 15-24)",SE.ADT.1524.LT.ZS,,,,,,,,,,,,,,,,,,,,,,,,,,,,,,,,,,,,71.13363,,,,,80.59856,78.45799,,,,83.93106,,,,,,72.05623,,,,92.46264,,,
Lebanon,LBN,"Literacy rate, youth total (% of people ages 15-24)",SE.ADT.1524.LT.ZS,,,,,,,,,,,,,,,,,,,,,,,,,,,,,,,,,,,,,,,,,,,,,,,,98.71479,,99.24335,,,,,,,,,99.75182
Liberia,LBR,"Literacy rate, youth total (% of people ages 15-24)",SE.ADT.1524.LT.ZS,,,,,,,,,,,,,,,,,,,,,,,,,47.63379,,,,,,,,,,,,,,,,,,,,,,,49.07411,,,,,,,,,,55.3987,
Libya,LBY,"Literacy rate, youth total (% of people ages 15-24)",SE.ADT.1524.LT.ZS,,,,,,,,,,,,,,,,,,,,,,,,,89.3379,,,,,,,,,,97.9,,,,,,,,,,99.6,,,,,,,,,,,,,,
St. Lucia,LCA,"Literacy rate, youth total (% of people ages 15-24)",SE.ADT.1524.LT.ZS,,,,,,,,,,,,,,,,,,,,,,,,,,,,,,,,,,,,,,,,,,,,,,,,,,,,,,,,,,,
Latin America & Caribbean,LCN,"Literacy rate, youth total (% of people ages 15-24)",SE.ADT.1524.LT.ZS,,,,,,,,,,,,,,,87.71196,87.71935,87.98009,88.2571,88.54853,88.73332,88.81055,88.99915,89.17108,89.34542,89.52158,89.70509,89.87473,90.05005,90.34873,90.67628,90.9416,91.54891,92.16847,92.77413,93.37169,93.9708,94.28281,94.38708,94.67209,94.86089,95.06269,95.18426,95.56746,96.32663,96.46162,96.64995,96.75883,97.02249,97.16205,97.47266,97.34586,97.78465,97.93534,97.91309,98.22921,98.30261,98.4271,98.46508,98.54197
Least developed countries: UN classification,LDC,"Literacy rate, youth total (% of people ages 15-24)",SE.ADT.1524.LT.ZS,,,,,,,,,,,,,,,,,,,,,,51.72896,52.15099,52.48389,52.85505,53.29186,53.60855,54.05718,55.46514,56.18238,56.76045,56.62612,56.89583,57.26632,57.94951,58.81393,59.28879,59.82433,61.06226,62.18457,62.67717,63.15637,64.83817,65.8446,67.51443,67.26539,66.82657,65.76767,67.97557,69.3027,69.94454,71.10161,72.64611,74.20123,74.96888,75.92133,77.06416,77.92856,78.3191
Low income,LIC,"Literacy rate, youth total (% of people ages 15-24)",SE.ADT.1524.LT.ZS,,,,,,,,,,,,,,,,,,,,,,,,,56.31957,57.02997,57.56775,58.31152,58.96394,59.60314,60.1285,59.86052,59.62276,59.70153,59.79768,60.18981,60.39236,60.76921,60.53913,60.82624,60.945,61.36453,63.30876,63.86074,65.72961,64.94856,65.25254,66.53002,66.05589,67.5951,67.85494,70.2123,72.18418,72.36996,73.10395,73.71168,74.22093,75.16231,75.55573
Liechtenstein,LIE,"Literacy rate, youth total (% of people ages 15-24)",SE.ADT.1524.LT.ZS,,,,,,,,,,,,,,,,,,,,,,,,,,,,,,,,,,,,,,,,,,,,,,,,,,,,,,,,,,,
Sri Lanka,LKA,"Literacy rate, youth total (% of people ages 15-24)",SE.ADT.1524.LT.ZS,,,,,,,,,,,,,,,,,,,,,,91.04334,,,,,,,,,,,,,,,,,,,,95.58863,,,,,97.48406,,97.9818,,98.15793,,,,,,98.68899,98.85646,98.78194
Lower middle income,LMC,"Literacy rate, youth total (% of people ages 15-24)",SE.ADT.1524.LT.ZS,,,,,,,,,,,,,,,,61.39604,61.50549,62.05162,62.54671,62.98391,63.32921,63.60555,64.0822,64.46322,64.89722,65.35802,65.80689,67.01324,67.46797,68.38608,69.24418,69.96215,71.14965,72.00024,72.91564,73.71553,74.56574,75.28762,77.51451,78.46529,78.60305,79.29959,80.03015,80.88274,81.59968,82.08284,82.2876,82.55452,84.23602,84.67409,84.94041,85.19934,85.99031,86.93522,87.63601,88.35201,88.88886,89.29466,89.7378
Low & middle income,LMY,"Literacy rate, youth total (% of people ages 15-24)",SE.ADT.1524.LT.ZS,,,,,,,,,,,,,,,,72.46,72.52984,72.80162,73.48813,74.16133,74.78175,75.35588,76.03989,76.54321,77.14641,77.6734,78.14911,78.92677,79.67675,80.10739,80.53539,80.73042,81.0978,81.33376,81.59438,81.85382,82.18344,83.1583,84.03486,84.42127,84.7863,84.85131,85.46333,86.07188,86.95225,87.11437,87.21991,87.50857,88.20957,88.34124,88.36092,88.62765,89.09595,89.40685,89.7138,90.00287,90.23424,90.4376,90.63658
Lesotho,LSO,"Literacy rate, youth total (% of people ages 15-24)",SE.ADT.1524.LT.ZS,,,,,,,,,,,,,,,,,,,,,,,,,,,,,,,,,,,,,,,,,90.9269,,,,,,,,,83.19441,,,,,86.6322,,,,
Late-demographic dividend,LTE,"Literacy rate, youth total (% of people ages 15-24)",SE.ADT.1524.LT.ZS,,,,,,,,,,,,,,,,,85.81404,85.83916,86.78332,87.69285,88.56553,89.30775,90.0636,90.47051,91.00193,91.49205,91.91291,92.35908,93.4961,93.61961,93.74405,93.83797,93.88809,93.94589,93.99344,94.05746,94.27573,96.29427,96.38269,96.48851,97.48662,96.78979,96.95404,97.28159,98.21199,98.33516,98.46111,98.7488,98.81113,98.83592,98.83225,98.96455,99.15822,99.22938,99.27649,99.29368,99.35594,99.39216,99.43443
Lithuania,LTU,"Literacy rate, youth total (% of people ages 15-24)",SE.ADT.1524.LT.ZS,,,,,,,,,,,,,,,,,,,,,,,,,,,,,,99.67376,,,,,,,,,,,,99.70167,,,,,,,,,,99.8558,,,,,,,
Luxembourg,LUX,"Literacy rate, youth total (% of people ages 15-24)",SE.ADT.1524.LT.ZS,,,,,,,,,,,,,,,,,,,,,,,,,,,,,,,,,,,,,,,,,,,,,,,,,,,,,,,,,,,
Latvia,LVA,"Literacy rate, youth total (% of people ages 15-24)",SE.ADT.1524.LT.ZS,,,,,,,,,,,,,,,,,,,,,,,,,,,,,,99.78441,,,,,,,,,,,99.75026,,,,,,,,,,,99.83543,,,,,,,99.82
"Macao SAR, China",MAC,"Literacy rate, youth total (% of people ages 15-24)",SE.ADT.1524.LT.ZS,,,,,,,,,,,,,,,,,,,,,,94.70312,,,,,,,,,,,,,,,,,,,,99.63354,,,,,99.64424,,,,,99.6729,,,,,99.79874,,
St. Martin (French part),MAF,"Literacy rate, youth total (% of people ages 15-24)",SE.ADT.1524.LT.ZS,,,,,,,,,,,,,,,,,,,,,,,,,,,,,,,,,,,,,,,,,,,,,,,,,,,,,,,,,,,
Morocco,MAR,"Literacy rate, youth total (% of people ages 15-24)",SE.ADT.1524.LT.ZS,,,,,,,,,,,,,,,,,,,,,,,44.13794,,,,,,,,,,,,58.43489,,,,,,,,,,70.45759,,,,77.86296,79.47369,,81.51007,91.22096,,,,,,97.73
Monaco,MCO,"Literacy rate, youth total (% of people ages 15-24)",SE.ADT.1524.LT.ZS,,,,,,,,,,,,,,,,,,,,,,,,,,,,,,,,,,,,,,,,,,,,,,,,,,,,,,,,,,,
Moldova,MDA,"Literacy rate, youth total (% of people ages 15-24)",SE.ADT.1524.LT.ZS,,,,,,,,,,,,,,,,,,,,,,,,,,,,,,99.72935,,,,,,,,,,,99.52508,,,,,,,,,,,,99.45616,,99.81101,,,,
Madagascar,MDG,"Literacy rate, youth total (% of people ages 15-24)",SE.ADT.1524.LT.ZS,,,,,,,,,,,,,,,,,,,,,,,,,,,,,,,,,,,,,,,,,70.23622,,,,,,,,,64.94025,,,76.82916,,,,,,81.19837
Maldives,MDV,"Literacy rate, youth total (% of people ages 15-24)",SE.ADT.1524.LT.ZS,,,,,,,,,,,,,,,,,,85.60898,,,,,,,,95.53619,,,,,98.19962,,,,,98.17012,,,,,98.17012,,,,,,99.30101,,,,,,,,99.26838,,98.75365,,
Middle East & North Africa,MEA,"Literacy rate, youth total (% of people ages 15-24)",SE.ADT.1524.LT.ZS,,,,,,,,,,,,,,59.17698,59.80673,60.46739,61.05839,61.85524,62.62771,63.42077,64.31712,65.29129,66.21057,67.41738,68.7739,70.1263,71.60419,72.69026,73.95806,75.13626,77.46484,78.99827,80.04139,80.00975,80.94977,82.25943,83.22401,83.9837,84.63151,85.31647,85.94498,86.71948,87.59542,88.54904,89.09169,89.53659,89.57164,90.19404,90.92235,88.67489,88.94845,88.99927,89.89291,90.44053,90.63163,90.76015,89.3989,89.69094,89.89539
Mexico,MEX,"Literacy rate, youth total (% of people ages 15-24)",SE.ADT.1524.LT.ZS,,,,,,,,,,,,,,,,,,,,,91.9472,,,,,,,,,,95.41824,,,,,,,,,,96.61228,,97.60458,,97.56444,97.63584,97.89566,98.15609,98.3823,98.52466,98.43452,98.46177,98.87542,98.5645,99.00004,98.94471,99.1162,99.12469,99.31845
Marshall Islands,MHL,"Literacy rate, youth total (% of people ages 15-24)",SE.ADT.1524.LT.ZS,,,,,,,,,,,,,,,,,,,,,,,,,,,,,,,,,,,,,,,,,,,,,,,,,,,,98.45878,,,,,,,
Middle income,MIC,"Literacy rate, youth total (% of people ages 15-24)",SE.ADT.1524.LT.ZS,,,,,,,,,,,,,,,,74.18945,74.23104,74.48248,75.1763,75.85423,76.47909,77.04188,77.72983,78.22421,78.82766,79.34846,79.82907,80.62581,81.40646,81.84783,82.30104,82.57397,83.0379,83.33503,83.66079,83.95856,84.34297,85.42539,86.46529,86.90865,87.33994,87.3974,87.88753,88.52336,89.32065,89.62608,89.75107,89.97572,90.87813,90.90861,90.97489,91.04856,91.39607,91.80852,92.1399,92.46387,92.72766,92.88392,93.11619
North Macedonia,MKD,"Literacy rate, youth total (% of people ages 15-24)",SE.ADT.1524.LT.ZS,,,,,,,,,,,,,,,,,,,,,,,,,,,,,,,,,,,98.86117,,,,,,,,98.7427,,,,,,,,,,,,98.6,,,,
Mali,MLI,"Literacy rate, youth total (% of people ages 15-24)",SE.ADT.1524.LT.ZS,,,,,,,,,,,,,,,,,19.64623,,,,,,,,,,,,,,,,,,,,,,24.18667,,,,,,,,38.81612,,,,44.30171,47.13698,,,,49.36653,,,50.1347
Malta,MLT,"Literacy rate, youth total (% of people ages 15-24)",SE.ADT.1524.LT.ZS,,,,,,,,,,,,,,,,,,,,,,,,,,97.86696,,,,,,,,,,96.03227,,,,,,,,,,98.26503,,,,,,98.88194,,,,,,,99.30071
Myanmar,MMR,"Literacy rate, youth total (% of people ages 15-24)",SE.ADT.1524.LT.ZS,,,,,,,,,,,,,,,,,,,,,,,,84.89707,,,,,,,,,,,,,,,,,94.58631,,,,,,,,,,,,,,,,84.75116,,
Middle East & North Africa (excluding high income),MNA,"Literacy rate, youth total (% of people ages 15-24)",SE.ADT.1524.LT.ZS,,,,,,,,,,,,,56.05779,56.75196,57.43829,58.15561,58.77412,59.62086,60.44735,61.30667,62.28156,63.28775,64.20811,65.504,66.9583,68.4305,69.98756,71.12478,72.3951,73.58738,76.07612,77.69349,78.87001,78.76791,79.77247,81.18044,82.16496,82.93966,83.46172,84.18865,84.86741,85.65807,86.58071,87.71653,88.27959,88.7304,88.69299,89.31462,90.07526,87.47195,87.76475,87.68305,88.67626,89.29372,89.51443,89.65881,88.11003,88.42206,88.64732
Montenegro,MNE,"Literacy rate, youth total (% of people ages 15-24)",SE.ADT.1524.LT.ZS,,,,,,,,,,,,,,,,,,,,,,98.73014,,,,,,,,,,99.14586,,,,,,,,,,,,99.41027,,,,,,,,99.21182,,,,,,,99.11
Mongolia,MNG,"Literacy rate, youth total (% of people ages 15-24)",SE.ADT.1524.LT.ZS,,,,,,,,,,,,,,,,,,,,,,,,,,,,,,,,,,,,,,,,,97.71012,,,,,,,,,,98.46025,,,,,,,,98.63
Northern Mariana Islands,MNP,"Literacy rate, youth total (% of people ages 15-24)",SE.ADT.1524.LT.ZS,,,,,,,,,,,,,,,,,,,,,,,,,,,,,,,,,,,,,,,,,,,,,,,,,,,,,,,,,,,
Mozambique,MOZ,"Literacy rate, youth total (% of people ages 15-24)",SE.ADT.1524.LT.ZS,,,,,,,,,,,,,,,,,,,,,43.64436,,,,,,,,,,,,,,,,,46.97,,,,,,61.89289,,,,,,67.14964,,,,,,70.5251,,70.91245,
Mauritania,MRT,"Literacy rate, youth total (% of people ages 15-24)",SE.ADT.1524.LT.ZS,,,,,,,,,,,,,,,,,,,,,,,,,,,,,,,,,,,,,,,,,61.33665,,,,,,,56.12243,,,,,,,,,,63.94781,
Mauritius,MUS,"Literacy rate, youth total (% of people ages 15-24)",SE.ADT.1524.LT.ZS,,,,,,,,,,,,,,,,,,,,,,,,,,,,,,,91.19199,,,,,,,,,,94.53896,,,,,,,,,,,98.13035,,,,,,,99.04203
Malawi,MWI,"Literacy rate, youth total (% of people ages 15-24)",SE.ADT.1524.LT.ZS,,,,,,,,,,,,,,,,,,,,,,,,,,,,59.01769,,,,,,,,,,,76.0075,,,,,,,,,,,,72.13956,,,,76.08191,72.93561,,,
Malaysia,MYS,"Literacy rate, youth total (% of people ages 15-24)",SE.ADT.1524.LT.ZS,,,,,,,,,,,,,,,,,,,,,87.96864,,,,,,,,,,,95.56388,,,,,,,,,97.2378,,,,,,,,,,98.41871,,,,,,97.61447,97.27256,96.85033
North America,NAC,"Literacy rate, youth total (% of people ages 15-24)",SE.ADT.1524.LT.ZS,,,,,,,,,,,,,,,,,,,,,,,,,,,,,,,,,,,,,,,,,,,,,,,,,,,,,,,,,,,
Namibia,NAM,"Literacy rate, youth total (% of people ages 15-24)",SE.ADT.1524.LT.ZS,,,,,,,,,,,,,,,,,,,,,,,,,,,,,,,,88.11243,,,,,,,,,,92.42438,,,,,,87.09541,,,,94.41944,,,,,,,95.1649
New Caledonia,NCL,"Literacy rate, youth total (% of people ages 15-24)",SE.ADT.1524.LT.ZS,,,,,,,,,,,,,,,,,97.46416,,,,,,,,,,,,,98.75698,,,,,,,99.09288,,,,,,,,,,,,,,,,,,99.2,,,,
Niger,NER,"Literacy rate, youth total (% of people ages 15-24)",SE.ADT.1524.LT.ZS,,,,,,,,,,,,,,,,,,,,,,,,,,,,,,,,,,,,,,,,,,19.79119,,,,36.54678,,,,,,,39.78773,,,,,,
Nigeria,NGA,"Literacy rate, youth total (% of people ages 15-24)",SE.ADT.1524.LT.ZS,,,,,,,,,,,,,,,,,,,,,,,,,,,,,,,,71.18906,,,,,,,,,,,,68.99378,,,,,66.38354,,,,,,,,,,75.02875
Nicaragua,NIC,"Literacy rate, youth total (% of people ages 15-24)",SE.ADT.1524.LT.ZS,,,,,,,,,,,,,,,,,,,,,,,,,,,,,,,,,,,,,,,,,,86.22252,,,,87.00925,,,,,,,,,,91.57178,,,
Netherlands,NLD,"Literacy rate, youth total (% of people ages 15-24)",SE.ADT.1524.LT.ZS,,,,,,,,,,,,,,,,,,,,,,,,,,,,,,,,,,,,,,,,,,,,,,,,,,,,,,,,,,,
Norway,NOR,"Literacy rate, youth total (% of people ages 15-24)",SE.ADT.1524.LT.ZS,,,,,,,,,,,,,,,,,,,,,,,,,,,,,,,,,,,,,,,,,,,,,,,,,,,,,,,,,,,
Nepal,NPL,"Literacy rate, youth total (% of people ages 15-24)",SE.ADT.1524.LT.ZS,,,,,,,,,,,,,,,,,,,,,,30.03845,,,,,,,,,,49.60372,,,,,,,,,,70.05362,,,,,,,,,,84.75715,,,,,,,92.39381
Nauru,NRU,"Literacy rate, youth total (% of people ages 15-24)",SE.ADT.1524.LT.ZS,,,,,,,,,,,,,,,,,,,,,,,,,,,,,,,,,,,,,,,,,,,,,,,,,,,,,,,,,,,
New Zealand,NZL,"Literacy rate, youth total (% of people ages 15-24)",SE.ADT.1524.LT.ZS,,,,,,,,,,,,,,,,,,,,,,,,,,,,,,,,,,,,,,,,,,,,,,,,,,,,,,,,,,,
OECD members,OED,"Literacy rate, youth total (% of people ages 15-24)",SE.ADT.1524.LT.ZS,,,,,,,,,,,,,,,,,,,,,,,,,,,,,,,,,,,,,,,,,,,,,,,,,,,,,,,,,,,
Oman,OMN,"Literacy rate, youth total (% of people ages 15-24)",SE.ADT.1524.LT.ZS,,,,,,,,,,,,,,,,,,,,,,,,,,,,,,,,,,,,,,,,,,,,97.28133,,,,,97.62982,,97.74373,,,,99.09432,99.15373,98.70356,98.66244,98.61783
Other small states,OSS,"Literacy rate, youth total (% of people ages 15-24)",SE.ADT.1524.LT.ZS,,,,,,,,,,,,,,,,,,,,,,,,,83.40319,83.64844,83.86145,84.26693,84.72831,85.21236,85.44113,85.8079,85.94305,86.13314,86.1981,86.36286,86.75786,87.19033,87.67167,87.95934,87.96247,88.44131,88.61881,88.74889,88.83495,88.97297,88.53325,88.027,88.30595,87.45155,86.984,87.549,87.7804,88.10962,88.46619,89.26521,88.93432,89.2572,89.64841
Pakistan,PAK,"Literacy rate, youth total (% of people ages 15-24)",SE.ADT.1524.LT.ZS,,,,,,,,,,,,,,,,,,,,,,34.78335,,,,,,,,,,,,,,,,,55.33052,,,,,,,65.08658,69.1658,66.28471,71.11291,70.67627,71.25962,70.76933,72.58342,71.63622,72.7954,,,74.52638,
Panama,PAN,"Literacy rate, youth total (% of people ages 15-24)",SE.ADT.1524.LT.ZS,,,,,,,,,,,,,,,,,,,,,96.1062,,,,,,,,,,95.08678,,,,,,,,,,96.07985,,,,,,,,,,97.63853,,,,,,,,99.09909
Peru,PER,"Literacy rate, youth total (% of people ages 15-24)",SE.ADT.1524.LT.ZS,,,,,,,,,,,,,,,,,,,,,,93.1198,,,,,,,,,,,,95.36663,,,,,,,,,,,96.75563,97.12376,97.75713,97.35622,,,,,98.69816,,98.97753,99.00954,98.88349,99.05748,99.02376
Philippines,PHL,"Literacy rate, youth total (% of people ages 15-24)",SE.ADT.1524.LT.ZS,,,,,,,,,,,,,,,,,,,,,91.78899,,,,,,,,,,96.57808,,,,96.03677,,,,,,95.08975,,,95.05721,,,,,97.7508,,,,,98.10835,,99.0826,,,
Palau,PLW,"Literacy rate, youth total (% of people ages 15-24)",SE.ADT.1524.LT.ZS,,,,,,,,,,,,,,,,,,,,,94.27578,,,,,,,,,,,,,,,,,,,,,,,,,,,,,,,,,99.83838,,98.66444,,,
Papua New Guinea,PNG,"Literacy rate, youth total (% of people ages 15-24)",SE.ADT.1524.LT.ZS,,,,,,,,,,,,,,,,,,,,,,,,,,,,,,,,,,,,,,,,,66.67899,,,,,,,,,,67.9,,,,,,,,
Poland,POL,"Literacy rate, youth total (% of people ages 15-24)",SE.ADT.1524.LT.ZS,,,,,,,,,,,,,,,,,,,99.79683,,,,,,,,,,99.79683,,,,,,,,,,99.79683,,,,,,,,,,99.79683,,,,,,,,,,
Pre-demographic dividend,PRE,"Literacy rate, youth total (% of people ages 15-24)",SE.ADT.1524.LT.ZS,,,,,,,,,,,,,,,,,,,,,,,,,,,63.89504,64.73571,65.15865,65.84617,66.32385,66.02167,66.23585,66.61383,67.05225,67.11745,67.58857,68.1523,68.10785,68.94214,66.69592,67.14631,67.60372,67.90441,68.64005,67.88502,66.66623,66.23468,65.77649,65.23418,65.80821,67.87456,69.64794,69.9546,70.80922,71.5159,72.09625,73.00987,73.69954
Puerto Rico,PRI,"Literacy rate, youth total (% of people ages 15-24)",SE.ADT.1524.LT.ZS,,,,,,,,,,,,,,,,,,,,,93.74586,,,,,,,,,,93.16688,,,,,,,,,,,,,,,,,,,,98.83418,,,,,,,92.38983,
"Korea, Dem. Peopleâ€™s Rep.",PRK,"Literacy rate, youth total (% of people ages 15-24)",SE.ADT.1524.LT.ZS,,,,,,,,,,,,,,,,,,,,,,,,,,,,,,,,,,,,,,,,,,,,,,,,,99.99964,,,,,,,,,,
Portugal,PRT,"Literacy rate, youth total (% of people ages 15-24)",SE.ADT.1524.LT.ZS,,,,,,,,,,,,,,,,,,,,,,97.94135,,,,,,,,,,99.19949,,,,,,,,,,,,,,,,,,,,99.43512,,,,,,,99.66392
Paraguay,PRY,"Literacy rate, youth total (% of people ages 15-24)",SE.ADT.1524.LT.ZS,,,,,,,,,,,,,,,,,,,,,,,89.58786,,,,,,,,,,95.60734,,,,,,,,,,,,,,,98.79446,97.96424,98.49729,98.61045,,98.17792,98.89913,98.7138,98.6536,98.4506,,98.28152
West Bank and Gaza,PSE,"Literacy rate, youth total (% of people ages 15-24)",SE.ADT.1524.LT.ZS,,,,,,,,,,,,,,,,,,,,,,,,,,,,,,,,,,,,,,97.04654,,,,,,,98.94182,,99.09138,99.03705,99.01731,99.23326,99.24204,99.31232,99.28733,99.34833,99.36351,99.34061,99.38371,,99.33625
Pacific island small states,PSS,"Literacy rate, youth total (% of people ages 15-24)",SE.ADT.1524.LT.ZS,,,,,,,,,,,,,,,,,,,,,,,,,,,,,,,,,,,,95.90961,95.99113,96.08911,,,,,,,,,,,,,,,,,,,,,
Post-demographic dividend,PST,"Literacy rate, youth total (% of people ages 15-24)",SE.ADT.1524.LT.ZS,,,,,,,,,,,,,,,,,,,,,,,,,,,,,,,,,,,,,,,,,,,,,,,,,,,,,,,,,,,
French Polynesia,PYF,"Literacy rate, youth total (% of people ages 15-24)",SE.ADT.1524.LT.ZS,,,,,,,,,,,,,,,,,,,,,,,,,,,,,,,,,,,,,,,,,,,,,,,,,,,,,,,,,,,
Qatar,QAT,"Literacy rate, youth total (% of people ages 15-24)",SE.ADT.1524.LT.ZS,,,,,,,,,,,,,,,,,,,,,,,,,,,89.54293,,,,,,,,,,,94.79075,,,,,,,95.92071,,,99.0601,95.68699,97.75925,,,,91.79358,93.64452,,95.46365,94.64411,
Romania,ROU,"Literacy rate, youth total (% of people ages 15-24)",SE.ADT.1524.LT.ZS,,,,,,,,,,,,,,,,,,,,,,,,,,,,,,,,,99.10746,,,,,,,,,,97.76149,,,,,,,,,98.99569,,,,,,,99.42919
Russian Federation,RUS,"Literacy rate, youth total (% of people ages 15-24)",SE.ADT.1524.LT.ZS,,,,,,,,,,,,,,,,,,,,,,,,,,,,,,99.7196,,,,,,,,,,,,,99.7246,,,,,,,,99.7096,,,,,,,,99.69845
Rwanda,RWA,"Literacy rate, youth total (% of people ages 15-24)",SE.ADT.1524.LT.ZS,,,,,,,,,,,,,,,,,,,52.26193,,,,,,,,,,,,,74.89654,,,,,,,,,77.62033,,,,,,,,,,77.34463,,82.33075,,85.06624,,,,86.49277
South Asia,SAS,"Literacy rate, youth total (% of people ages 15-24)",SE.ADT.1524.LT.ZS,,,,,,,,,,,,,,,,47.82542,47.79527,48.51424,49.16745,49.78331,50.25498,50.52751,51.21977,51.78861,52.35175,52.94523,53.57514,54.21962,54.81504,56.09731,57.30182,58.24777,59.93825,61.41478,62.62181,63.80913,64.96912,66.0069,69.54834,70.82187,71.9553,72.94054,74.03113,75.20079,76.20471,77.17958,78.27749,78.77081,81.04229,81.96907,82.21069,82.93099,83.87319,85.17338,85.98569,86.96437,88.08788,88.62944,89.26855
Saudi Arabia,SAU,"Literacy rate, youth total (% of people ages 15-24)",SE.ADT.1524.LT.ZS,,,,,,,,,,,,,,,,,,,,,,,,,,,,,,,,,87.85561,,,,,,,,95.91316,,,,95.84969,,,,,,,,,99.22177,,,,99.30188,
Sudan,SDN,"Literacy rate, youth total (% of people ages 15-24)",SE.ADT.1524.LT.ZS,,,,,,,,,,,,,,,,,,,,,,,,,,,,,,,,,,,,,,,,,78.15559,,,,,,,,65.80535,,,,,,,,,,73
Senegal,SEN,"Literacy rate, youth total (% of people ages 15-24)",SE.ADT.1524.LT.ZS,,,,,,,,,,,,,,,,,,,,,,,,,,,,,37.8661,,,,,,,,,,,,,,49.12449,,,,50.85166,,,65.01491,,66.03274,,55.89594,,,,69.47841,
Singapore,SGP,"Literacy rate, youth total (% of people ages 15-24)",SE.ADT.1524.LT.ZS,,,,,,,,,,,,,,,,,,,,,96.28812,,,,,,,,,,98.9667,,,,,,,,,,99.5046,,,,,,,,,,99.75182,99.8872,99.89494,99.89861,99.90047,99.7849,99.92658,99.93044,99.92963
Solomon Islands,SLB,"Literacy rate, youth total (% of people ages 15-24)",SE.ADT.1524.LT.ZS,,,,,,,,,,,,,,,,,,,,,,,,,,,,,,,,,,,,,,,,,,,,,,,,,,,,,,,,,,,
Sierra Leone,SLE,"Literacy rate, youth total (% of people ages 15-24)",SE.ADT.1524.LT.ZS,,,,,,,,,,,,,,,,,,,,,,,,,,,,,,,,,,,,,,,,,,,,,47.92761,,,,,,,,,57.02213,,,,,66.6486
El Salvador,SLV,"Literacy rate, youth total (% of people ages 15-24)",SE.ADT.1524.LT.ZS,,,,,,,,,,,,,,,,,,,,,,,,,,,,,,,,,84.94664,,,,,,,,,,,,,,94.95099,93.56494,95.95747,95.02206,96.03446,96.54509,,97.22419,,97.94933,98.00859,97.98045,97.97372
San Marino,SMR,"Literacy rate, youth total (% of people ages 15-24)",SE.ADT.1524.LT.ZS,,,,,,,,,,,,,,,,,,,,,,,,,,,,,,,,,,,,,,,,,,,,,,,,,,,,,,,,,,,100
Somalia,SOM,"Literacy rate, youth total (% of people ages 15-24)",SE.ADT.1524.LT.ZS,,,,,,,,,,,,,13.14,,,,,,,,,,,,,,,,,,,,,,,,,,,,,,,,,,,,,,,,,,,,,,
Serbia,SRB,"Literacy rate, youth total (% of people ages 15-24)",SE.ADT.1524.LT.ZS,,,,,,,,,,,,,,,,,,,,,,,,,,,,,,,,,,,,,,,,,,,,,,,,,,,,99.30869,,,,,99.71982,,
Sub-Saharan Africa (excluding high income),SSA,"Literacy rate, youth total (% of people ages 15-24)",SE.ADT.1524.LT.ZS,,,,,,,,,,,,,,,,,,,,,,,,,,63.57432,63.87833,64.52177,64.83185,65.45079,66.01023,66.09737,66.34245,66.69763,67.03215,67.13973,67.53219,68.01691,68.00476,68.71965,66.88188,67.35682,68.57653,68.97969,70.52877,69.40905,68.43741,68.88978,68.59266,69.38785,69.98287,71.83363,73.41689,73.71203,74.42399,75.02964,75.53859,76.17895,76.57811
South Sudan,SSD,"Literacy rate, youth total (% of people ages 15-24)",SE.ADT.1524.LT.ZS,,,,,,,,,,,,,,,,,,,,,,,,,,,,,,,,,,,,,,,,,,,,,,,,,36.70228,,,,,,,,,,47.90096
Sub-Saharan Africa,SSF,"Literacy rate, youth total (% of people ages 15-24)",SE.ADT.1524.LT.ZS,,,,,,,,,,,,,,,,,,,,,,,,,,63.58029,63.88406,64.52719,64.83702,65.4557,66.01494,66.10203,66.34698,66.70206,67.03646,67.14392,67.53623,68.02078,68.00855,68.72327,66.88565,67.3605,68.58001,68.98305,70.53184,69.41212,68.44045,68.89267,68.59548,69.3905,69.9854,71.83591,73.41895,73.71399,74.42582,75.03134,75.54018,76.18042,76.57948
Small states,SST,"Literacy rate, youth total (% of people ages 15-24)",SE.ADT.1524.LT.ZS,,,,,,,,,,,,,,,,,,,,,,,,,,,,87.26819,87.50808,87.78165,87.89748,88.12749,88.20013,88.32177,88.36307,88.52009,88.83132,89.17186,89.55065,89.79632,89.82824,90.20195,90.35662,90.47169,90.55024,90.66783,90.32308,90.00744,90.21304,89.58107,89.23083,89.65158,89.81539,90.13818,90.42681,91.01677,90.75256,90.98322,91.27057
Sao Tome and Principe,STP,"Literacy rate, youth total (% of people ages 15-24)",SE.ADT.1524.LT.ZS,,,,,,,,,,,,,,,,,,,,,,82.39922,,,,,,,,,,93.84996,,,,,,,,,,95.41546,,,,,,,80.20316,,,,96.7384,,,,,,97.78255
Suriname,SUR,"Literacy rate, youth total (% of people ages 15-24)",SE.ADT.1524.LT.ZS,,,,,,,,,,,,,,,,,,,,,,,,,,,,,,,,,,,,,,,,,,,,,94.88114,,,,99.41642,,98.37664,,97.6679,,,,,,98.64556
Slovak Republic,SVK,"Literacy rate, youth total (% of people ages 15-24)",SE.ADT.1524.LT.ZS,,,,,,,,,,,,,,,,,,,,,,,,,,,,,,,,,,,,,,,,,,,,,,,,,,,,,,,,,,,
Slovenia,SVN,"Literacy rate, youth total (% of people ages 15-24)",SE.ADT.1524.LT.ZS,,,,,,,,,,,,,,,,,,,,,,,,,,,,,,,,99.75774,,,,,,,,,,,,,99.8,,,,,,,,,,99.8,,,,
Sweden,SWE,"Literacy rate, youth total (% of people ages 15-24)",SE.ADT.1524.LT.ZS,,,,,,,,,,,,,,,,,,,,,,,,,,,,,,,,,,,,,,,,,,,,,,,,,,,,,,,,,,,
Eswatini,SWZ,"Literacy rate, youth total (% of people ages 15-24)",SE.ADT.1524.LT.ZS,,,,,,,,,,,,,,,,,75.45244,,,,,,,,,,83.74824,,,,,,,,,,,,,,91.86324,,,,,,,,,,93.5023,,,,,,,,95.46937
Sint Maarten (Dutch part),SXM,"Literacy rate, youth total (% of people ages 15-24)",SE.ADT.1524.LT.ZS,,,,,,,,,,,,,,,,,,,,,,,,,,,,,,,,,,,,,,,,,,,,,,,,,,,,,,,,,,,
Seychelles,SYC,"Literacy rate, youth total (% of people ages 15-24)",SE.ADT.1524.LT.ZS,,,,,,,,,,,,,,,,,,,,,,,,,,,,97.64999,,,,,,,98.81331,,,,,,,,99.06477,,,,,,,,98.97134,,,,,,,,99.07
Syrian Arab Republic,SYR,"Literacy rate, youth total (% of people ages 15-24)",SE.ADT.1524.LT.ZS,,,,,,,,,,,,,,,,,,,,,,74.2764,,,,,,,,,,,,,,,,,,,,,95.18883,,92.45381,,,,,,,,,,,,,,
Turks and Caicos Islands,TCA,"Literacy rate, youth total (% of people ages 15-24)",SE.ADT.1524.LT.ZS,,,,,,,,,,,,,,,,,,,,,,,,,,,,,,,,,,,,,,,,,,,,,,,,,,,,,,,,,,,
Chad,TCD,"Literacy rate, youth total (% of people ages 15-24)",SE.ADT.1524.LT.ZS,,,,,,,,,,,,,,,,,,,,,,,,,,,,,,,,,,17.34738,,,,,,,37.55735,,,,41.67312,,,,,,,,,,,38.77242,30.79161,,
East Asia & Pacific (IDA & IBRD countries),TEA,"Literacy rate, youth total (% of people ages 15-24)",SE.ADT.1524.LT.ZS,,,,,,,,,,,,,,,,,83.232,83.36283,84.59329,85.81089,86.96748,87.99059,88.99583,89.5687,90.26402,90.88491,91.40698,92.63804,93.9515,94.10394,94.24303,94.23379,94.2114,94.16195,94.21422,94.26605,94.46076,96.68706,96.7528,96.82489,97.84111,96.96873,97.07626,97.23953,98.2138,98.29167,98.23361,98.50067,98.87974,98.8442,98.82804,98.40607,98.43787,98.46217,98.65574,98.70607,98.72376,98.75681,98.78344
Europe & Central Asia (IDA & IBRD countries),TEC,"Literacy rate, youth total (% of people ages 15-24)",SE.ADT.1524.LT.ZS,,,,,,,,,,,,,,,,,,,,,,,,97.9072,98.41379,98.42959,98.4283,98.45006,98.47778,98.47643,98.51591,98.52887,98.56439,98.6023,98.6393,98.67525,98.71524,98.74701,98.8054,98.78482,98.90364,98.93327,98.95616,98.95549,98.92073,99.03241,99.03243,99.05879,99.09971,99.3793,99.45265,99.53728,99.58257,99.62545,99.64995,99.6751,99.72597,99.72953,99.7469
Togo,TGO,"Literacy rate, youth total (% of people ages 15-24)",SE.ADT.1524.LT.ZS,,,,,,,,,,,,,,,,,,,,,,,,,,,,,,,,,,,,,,,,,74.43957,,,,,,76.45294,,,81.73599,,79.88591,,,,84.29011,,,
Thailand,THA,"Literacy rate, youth total (% of people ages 15-24)",SE.ADT.1524.LT.ZS,,,,,,,,,,,,,,,,,,,,,96.86735,,,,,,,,,,,,,,,,,,,,97.97539,,,,,98.0509,,,,,96.59757,,,98.31388,,98.14663,,,98.13717
Tajikistan,TJK,"Literacy rate, youth total (% of people ages 15-24)",SE.ADT.1524.LT.ZS,,,,,,,,,,,,,,,,,,,,,,,,,,,,,,99.70358,,,,,,,,,,,99.84706,,,,,,,,,,,,,,99.9,,,,
Turkmenistan,TKM,"Literacy rate, youth total (% of people ages 15-24)",SE.ADT.1524.LT.ZS,,,,,,,,,,,,,,,,,,,,,,,,,,,,,,,,,,,,99.81042,,,,,,,,,,,,,,,,,,,99.8,,,,
Latin America & the Caribbean (IDA & IBRD countries),TLA,"Literacy rate, youth total (% of people ages 15-24)",SE.ADT.1524.LT.ZS,,,,,,,,,,,,,,,87.33299,87.34486,87.61687,87.90147,88.19809,88.38353,88.45804,88.64758,88.82092,88.99827,89.17869,89.36791,89.54515,89.72787,90.04537,90.39493,90.68191,91.32235,91.9751,92.6127,93.24022,93.86725,94.19621,94.31093,94.61001,94.80829,95.01761,95.13385,95.51624,96.28251,96.41106,96.59476,96.70453,96.97186,97.11271,97.43094,97.30054,97.74882,97.90311,97.88083,98.20384,98.30925,98.43443,98.47127,98.54783
Timor-Leste,TLS,"Literacy rate, youth total (% of people ages 15-24)",SE.ADT.1524.LT.ZS,,,,,,,,,,,,,,,,,,,,,,,,,,,,,,,,,,,,,,,,,,,,,,,,,,,79.52868,,,,,,,,83.53903
Middle East & North Africa (IDA & IBRD countries),TMN,"Literacy rate, youth total (% of people ages 15-24)",SE.ADT.1524.LT.ZS,,,,,,,,,,,,,55.71545,56.41893,57.1122,57.8352,58.45726,59.30839,60.13845,61.00149,61.98125,62.99198,63.91611,65.21976,66.68448,68.16857,69.73785,70.88449,72.16613,73.36905,75.88091,77.51253,78.69905,78.59269,79.60417,81.02349,82.01556,82.79554,83.32038,84.05271,84.73685,85.53422,86.4521,87.59899,88.16685,88.61938,88.57767,89.20244,89.96802,87.3249,87.61548,87.5261,88.52772,89.14802,89.36729,89.51045,87.93396,88.24876,88.47685
Tonga,TON,"Literacy rate, youth total (% of people ages 15-24)",SE.ADT.1524.LT.ZS,,,,,,,,,,,,,,,,,99.81927,,,,,,,,,,,,,,,,,,,,99.30874,,,,,,,,,,99.42476,,,,,99.43703,,,,,,,99.44112
South Asia (IDA & IBRD),TSA,"Literacy rate, youth total (% of people ages 15-24)",SE.ADT.1524.LT.ZS,,,,,,,,,,,,,,,,47.82542,47.79527,48.51424,49.16745,49.78331,50.25498,50.52751,51.21977,51.78861,52.35175,52.94523,53.57514,54.21962,54.81504,56.09731,57.30182,58.24777,59.93825,61.41478,62.62181,63.80913,64.96912,66.0069,69.54834,70.82187,71.9553,72.94054,74.03113,75.20079,76.20471,77.17958,78.27749,78.77081,81.04229,81.96907,82.21069,82.93099,83.87319,85.17338,85.98569,86.96437,88.08788,88.62944,89.26855
Sub-Saharan Africa (IDA & IBRD countries),TSS,"Literacy rate, youth total (% of people ages 15-24)",SE.ADT.1524.LT.ZS,,,,,,,,,,,,,,,,,,,,,,,,,,63.58029,63.88406,64.52719,64.83702,65.4557,66.01494,66.10203,66.34698,66.70206,67.03646,67.14392,67.53623,68.02078,68.00855,68.72327,66.88565,67.3605,68.58001,68.98305,70.53184,69.41212,68.44045,68.89267,68.59548,69.3905,69.9854,71.83591,73.41895,73.71399,74.42582,75.03134,75.54018,76.18042,76.57948
Trinidad and Tobago,TTO,"Literacy rate, youth total (% of people ages 15-24)",SE.ADT.1524.LT.ZS,,,,,,,,,,,,,,,,,,,,,99.2194,,,,,,,,,,99.3,,,,,,,,,,99.4,,,,,,,,,,99.6,,,,,,,,
Tunisia,TUN,"Literacy rate, youth total (% of people ages 15-24)",SE.ADT.1524.LT.ZS,,,,,,,,,,,,,,,,,,,,,,,,,74.28412,,,,,,,,,,,,,,,,,,,,94.33898,,,96.29969,96.79426,,97.17172,97.30444,96.865,,96.2091,,,,
Turkey,TUR,"Literacy rate, youth total (% of people ages 15-24)",SE.ADT.1524.LT.ZS,,,,,,,,,,,,,,,,80.05492,,,,,84.69108,,,,,90.90142,,,,,92.54366,,,,,,,,,,,,,,95.6035,96.11855,96.1815,96.36235,,97.80747,98.22459,98.70935,99.01602,99.22743,99.35848,99.49439,99.62136,99.75087,
Tuvalu,TUV,"Literacy rate, youth total (% of people ages 15-24)",SE.ADT.1524.LT.ZS,,,,,,,,,,,,,,,,,,,,,,,,,,,,,,,,,,,,,,,,,,,,,,,,,,,,,,,,,,,
Tanzania,TZA,"Literacy rate, youth total (% of people ages 15-24)",SE.ADT.1524.LT.ZS,,,,,,,,,,,,,,,,,,,,,,,,,,,,,81.7533,,,,,,,,,,,,,,78.39605,,,,,,,,74.56052,,85.94,,,85.75514,,,
Uganda,UGA,"Literacy rate, youth total (% of people ages 15-24)",SE.ADT.1524.LT.ZS,,,,,,,,,,,,,,,,,,,,,,,,,,,,,,,,69.80079,,,,,,,,,,,80.79116,,,,84.06565,,,,87.40883,,83.65888,,,,,,89.39631
Ukraine,UKR,"Literacy rate, youth total (% of people ages 15-24)",SE.ADT.1524.LT.ZS,,,,,,,,,,,,,,,,,,,,,,,,,,,,,,,,,,,,,,,,,,99.80486,,,,,,,,,,,99.96976,,,,,,
Upper middle income,UMC,"Literacy rate, youth total (% of people ages 15-24)",SE.ADT.1524.LT.ZS,,,,,,,,,,,,,,,,,84.7475,84.88803,85.88235,86.86233,87.76723,88.53847,89.33136,89.82869,90.49744,91.03061,91.53073,92.01373,93.14432,93.31807,93.62016,93.77855,93.89683,94.01386,94.12903,94.28908,94.49872,96.30776,96.38321,96.49544,97.40164,96.77489,96.9481,97.25411,98.08452,98.18756,98.24998,98.49292,98.59775,98.27993,98.26692,98.32024,98.35452,98.32814,98.39622,98.36827,98.39879,98.30911,98.31697
Uruguay,URY,"Literacy rate, youth total (% of people ages 15-24)",SE.ADT.1524.LT.ZS,,,,,,,,,,,,,,,,98.29623,,,,,,,,,,98.62861,,,,,,,,,,,98.58024,,,,,,,,,,98.71252,98.75914,98.96814,98.86148,98.78419,98.86222,98.95525,98.92976,98.83889,98.9276,99.15247,98.9326,98.88027
United States,USA,"Literacy rate, youth total (% of people ages 15-24)",SE.ADT.1524.LT.ZS,,,,,,,,,,,,,,,,,,,,,,,,,,,,,,,,,,,,,,,,,,,,,,,,,,,,,,,,,,,
Uzbekistan,UZB,"Literacy rate, youth total (% of people ages 15-24)",SE.ADT.1524.LT.ZS,,,,,,,,,,,,,,,,,,,,,,,,,,,,,,,,,,,,,,,,,99.87435,,,,,,,,,,,,,100,99.99996,99.99996,100,,99.99996
St. Vincent and the Grenadines,VCT,"Literacy rate, youth total (% of people ages 15-24)",SE.ADT.1524.LT.ZS,,,,,,,,,,,97.96292,,,,,,,,,,,,,,,,,,,,,,,,,,,,,,,,,,,,,,,,,,,,,,,,
"Venezuela, RB",VEN,"Literacy rate, youth total (% of people ages 15-24)",SE.ADT.1524.LT.ZS,,,,,,,,,,,,,,,,,,,,,,93.11176,,,,,,,,,95.43903,,,,,,,,,,,97.19934,,,,,,98.39878,,98.5333,,97.55916,,,,99.00763,98.75951,,
British Virgin Islands,VGB,"Literacy rate, youth total (% of people ages 15-24)",SE.ADT.1524.LT.ZS,,,,,,,,,,,,,,,,,,,,,,,,,,,,,,,,,,,,,,,,,,,,,,,,,,,,,,,,,,,
Virgin Islands (U.S.),VIR,"Literacy rate, youth total (% of people ages 15-24)",SE.ADT.1524.LT.ZS,,,,,,,,,,,,,,,,,,,,,,,,,,,,,,,,,,,,,,,,,,,,,,,,,,,,,,,,,,,
Vietnam,VNM,"Literacy rate, youth total (% of people ages 15-24)",SE.ADT.1524.LT.ZS,,,,,,,,,,,,,,,,,,,,95.02512,,,,,,,,,,93.73426,,,,,,,,,,94.09706,94.83651,,,,,,,,,97.09167,,,,,,,,,98.4081
Vanuatu,VUT,"Literacy rate, youth total (% of people ages 15-24)",SE.ADT.1524.LT.ZS,,,,,,,,,,,,,,,,,,,,71.8296,,,,,77.2,,,,,,,,,,86.1,,,,,,,,,,91.8,,,,,,,,,,95.3,,,,96.28212
World,WLD,"Literacy rate, youth total (% of people ages 15-24)",SE.ADT.1524.LT.ZS,,,,,,,,,,,,,,,,77.37686,77.38483,77.57197,78.09766,78.60263,79.04915,79.45245,79.93809,80.27112,80.69023,81.05307,81.381,81.98084,82.589,82.90867,83.2313,83.36245,83.6029,83.77657,83.97909,84.18273,84.45148,85.27729,86.02046,86.34386,86.66608,86.6769,87.18972,87.69406,88.47087,88.60354,88.6866,88.94373,89.55155,89.67347,89.67942,89.91043,90.32417,90.6006,90.88249,91.13176,91.33083,91.5036,91.66937
Samoa,WSM,"Literacy rate, youth total (% of people ages 15-24)",SE.ADT.1524.LT.ZS,,,,,,,,,,,,,,,,,,,,,,,,,,,,,,,,99.04444,,,,,,,,,,,,,,,,,,,,99.23566,,,,,,,99.12348
Kosovo,XKX,"Literacy rate, youth total (% of people ages 15-24)",SE.ADT.1524.LT.ZS,,,,,,,,,,,,,,,,,,,,,,,,,,,,,,,,,,,,,,,,,,,,,,,,,,,,,,,,,,,
"Yemen, Rep.",YEM,"Literacy rate, youth total (% of people ages 15-24)",SE.ADT.1524.LT.ZS,,,,,,,,,,,,,,,,,,,,,,,,,,,,,,,,,,,60.22214,,,,,,,,,,77,,,,,,,,,,,,,,
South Africa,ZAF,"Literacy rate, youth total (% of people ages 15-24)",SE.ADT.1524.LT.ZS,,,,,,,,,,,,,,,,,,,,,85.16585,,,,,,,,,,,,,,,,93.90515,,,,,,,,,,,97.57078,,98.36509,98.64413,98.78966,98.88204,,98.88228,98.95578,,95.32382,
Zambia,ZMB,"Literacy rate, youth total (% of people ages 15-24)",SE.ADT.1524.LT.ZS,,,,,,,,,,,,,,,,,,,,,,,,,,,,,,,66.38116,,,,,,,,,69.45722,,,69.08881,,,,,64.04964,,,88.71456,,,,,,,,92.09157
Zimbabwe,ZWE,"Literacy rate, youth total (% of people ages 15-24)",SE.ADT.1524.LT.ZS,,,,,,,,,,,,,,,,,,,,,,,89.02185,,,,,,,,,,95.41136,,,,,,,,,,,,,,,,,,,90.9307,,,90.42812,,,,